customer_email,order_date,product_name,quantity,price
mkarlsson@gmail.com,2024-05-22 08:59:33,Bamboo Floor Lamp,1,129.99
lgreen@outlook.com,2024-07-24 10:09:24,Urban Skyline Canvas,1,159.99
lgreen@outlook.com,2024-07-24 10:09:24,Coastal Rope Baskets,1,54.99
erogers@yahoo.com,2024-04-29 16:34:35,Nordic Storage Bench,2,159.99
erogers@yahoo.com,2024-04-29 16:34:35,Aromatherapy Candle Set,1,44.99
erogers@yahoo.com,2024-04-29 16:34:35,Rustic Pottery Vase,2,54.99
erogers@yahoo.com,2024-04-29 16:34:35,Geometric Wall Art,2,119.99
hmartinez@gmail.com,2024-05-31 03:17:30,Modern Storage Boxes,3,59.99
hmartinez@gmail.com,2024-05-31 03:17:30,Nordic Wood Sculpture,3,79.99
mkarlsson@gmail.com,2024-08-04 23:35:41,Decorative Throw Pillow,3,39.99
mkarlsson@gmail.com,2024-08-04 23:35:41,Abstract Metal Wall Panel,3,199.99
mkarlsson@gmail.com,2024-08-04 23:35:41,Lavender Jar Candle,2,19.99
mkarlsson@gmail.com,2024-08-04 23:35:41,Botanical Print Set,3,89.99
hmartinez@gmail.com,2024-11-09 15:15:05,Vintage Suitcase Box,1,79.99
enielsen@outlook.com,2024-01-09 17:36:03,Zen Garden Cushion,3,39.99
enielsen@outlook.com,2024-01-09 17:36:03,Geometric Wall Art,1,119.99
enielsen@outlook.com,2024-01-09 17:36:03,Rustic Wood Lamp,2,94.99
enielsen@outlook.com,2024-01-09 17:36:03,Velvet Accent Pillow,1,29.99
wchen@gmail.com,2024-08-26 06:05:27,Scented Soy Candle,3,24.99
wchen@gmail.com,2024-08-26 06:05:27,Coastal Shell Mirror,2,99.99
tcollins@gmail.com,2024-05-20 04:12:53,Luxury Velvet Pillow Set,3,129.99
tcollins@gmail.com,2024-05-20 04:12:53,Vintage Brass Candlesticks,2,79.99
tcollins@gmail.com,2024-05-20 04:12:53,Minimalist Steel Frame,2,29.99
tcollins@gmail.com,2024-05-20 04:12:53,Rustic Pottery Vase,3,54.99
lmoreau@gmail.com,2024-11-18 00:17:05,Vintage Brass Candlesticks,3,79.99
lmoreau@gmail.com,2024-11-18 00:17:05,Meditation Candle Set,2,59.99
lmoreau@gmail.com,2024-11-18 00:17:05,Nordic Geometric Rug,1,159.99
lbaker@gmail.com,2024-02-17 08:02:15,Bamboo Floor Vase,1,69.99
lbaker@gmail.com,2024-02-17 08:02:15,Luxury Velvet Pillow Set,3,129.99
lbaker@gmail.com,2024-02-17 08:02:15,Rustic Farmhouse Rug,3,149.99
lbaker@gmail.com,2024-02-17 08:02:15,Vintage Suitcase Box,2,79.99
eramirez@yahoo.com,2024-08-14 19:54:42,Rose Gold Vase,1,79.99
eramirez@yahoo.com,2024-08-14 19:54:42,Woven Storage Basket,3,49.99
eramirez@yahoo.com,2024-08-14 19:54:42,Modern LED Mirror,3,199.99
ascott@outlook.com,2024-02-24 19:47:45,Zen Garden Buddha,1,89.99
ascott@outlook.com,2024-02-24 19:47:45,Bamboo Frame Mirror,3,79.99
ascott@outlook.com,2024-02-24 19:47:45,Bamboo Organizer,2,39.99
landersen@outlook.com,2024-04-09 02:06:35,Vintage Brass Candlesticks,3,79.99
landersen@outlook.com,2024-04-09 02:06:35,Rustic Pottery Vase,2,54.99
landersen@outlook.com,2024-04-09 02:06:35,Vintage Oval Mirror,1,119.99
johnsmith123@gmail.com,2024-06-05 22:23:28,Coastal Shell Mirror,1,99.99
johnsmith123@gmail.com,2024-06-05 22:23:28,Mountain Landscape Print,2,79.99
johnsmith123@gmail.com,2024-06-05 22:23:28,Minimalist Wall Clock,3,49.99
johnsmith123@gmail.com,2024-06-05 22:23:28,Zen Garden Cushion,1,39.99
mlopez@yahoo.com,2024-10-05 21:56:09,Bamboo Floor Lamp,2,129.99
mlopez@yahoo.com,2024-10-05 21:56:09,Nordic Storage Bench,3,159.99
mlopez@yahoo.com,2024-10-05 21:56:09,Modern Storage Boxes,1,59.99
mlopez@yahoo.com,2024-10-05 21:56:09,Zen Garden Cushion,2,39.99
mlopez@yahoo.com,2024-10-05 21:56:09,Vintage Oval Mirror,2,119.99
lward@gmail.com,2024-11-24 08:04:38,Vintage Suitcase Box,2,79.99
lward@gmail.com,2024-11-24 08:04:38,Nordic Geometric Rug,2,159.99
mhall@outlook.com,2024-06-02 18:12:50,Minimalist Steel Frame,2,29.99
mschmidt@outlook.com,2024-03-26 03:27:34,Moroccan Floor Pouf,2,89.99
mschmidt@outlook.com,2024-03-26 03:27:34,Nordic Pattern Cushion,2,44.99
mschmidt@outlook.com,2024-03-26 03:27:34,Aromatherapy Candle Set,2,44.99
mschmidt@outlook.com,2024-03-26 03:27:34,Vintage Bronze Figure,1,149.99
pnovak@gmail.com,2024-05-06 12:17:54,Rustic Pottery Vase,3,54.99
pnovak@gmail.com,2024-05-06 12:17:54,Coastal Stripe Pillows,2,54.99
pnovak@gmail.com,2024-05-06 12:17:54,Art Deco Frame,1,69.99
pnovak@gmail.com,2024-05-06 12:17:54,Meditation Candle Set,1,59.99
pnovak@gmail.com,2024-05-06 12:17:54,Rustic Farmhouse Rug,1,149.99
tanderson@yahoo.com,2024-03-16 05:25:45,Rustic Wooden Candle Holder,1,34.99
tanderson@yahoo.com,2024-03-16 05:25:45,Art Deco Glass Vase,2,99.99
tanderson@yahoo.com,2024-03-16 05:25:45,Coastal Driftwood Art,2,69.99
tanderson@yahoo.com,2024-03-16 05:25:45,Modern LED Mirror,1,199.99
tanderson@yahoo.com,2024-03-16 05:25:45,Moroccan Floor Pouf,2,89.99
malsayed@yahoo.com,2024-04-03 03:39:14,Art Deco Glass Vase,3,99.99
malsayed@yahoo.com,2024-04-03 03:39:14,Botanical Print Set,2,89.99
hjensen@gmail.com,2024-06-08 23:47:17,Coastal Stripe Pillows,3,54.99
sophiataylor@yahoo.com,2024-04-23 18:33:05,Zen Garden Cushion,3,39.99
sophiataylor@yahoo.com,2024-04-23 18:33:05,Urban Skyline Canvas,1,159.99
sophiataylor@yahoo.com,2024-04-23 18:33:05,Vintage Bronze Figure,1,149.99
sarahdavis234@hotmail.com,2024-11-09 14:08:33,Crystal Glass Sculpture,1,199.99
csantos@gmail.com,2024-05-30 21:35:49,Abstract Metal Wall Panel,3,199.99
csantos@gmail.com,2024-05-30 21:35:49,Aromatherapy Candle Set,2,44.99
mrossi@gmail.com,2024-05-04 04:57:30,Wooden Picture Frame,3,45.99
mrossi@gmail.com,2024-05-04 04:57:30,Ceramic Table Vase,2,59.99
mrossi@gmail.com,2024-05-04 04:57:30,Minimalist Wall Clock,2,49.99
mrossi@gmail.com,2024-05-04 04:57:30,Geometric Wall Art,2,119.99
ecarter@outlook.com,2024-11-13 13:02:05,Urban Skyline Canvas,1,159.99
ecarter@outlook.com,2024-11-13 13:02:05,Art Deco Glass Vase,1,99.99
ecarter@outlook.com,2024-11-13 13:02:05,Coastal Driftwood Art,3,69.99
ecarter@outlook.com,2024-11-13 13:02:05,Sunburst Wall Mirror,2,159.99
ecarter@outlook.com,2024-11-13 13:02:05,Modern Storage Boxes,1,59.99
eramirez@yahoo.com,2024-04-07 09:32:34,Ceramic Table Lamp,1,79.99
eramirez@yahoo.com,2024-04-07 09:32:34,Rustic Wooden Candle Holder,1,34.99
eramirez@yahoo.com,2024-04-07 09:32:34,Vintage Bronze Figure,1,149.99
oschmidt@gmail.com,2024-04-11 02:14:52,Crystal Flower Vase,3,89.99
oschmidt@gmail.com,2024-04-11 02:14:52,Lavender Jar Candle,2,19.99
oschmidt@gmail.com,2024-04-11 02:14:52,Moroccan Floor Pouf,3,89.99
imartin@yahoo.fr,2024-04-02 11:47:54,Rose Gold Vase,2,79.99
imartin@yahoo.fr,2024-04-02 11:47:54,Decorative Throw Pillow,3,39.99
imartin@yahoo.fr,2024-04-02 11:47:54,Coastal Striped Rug,1,89.99
imartin@yahoo.fr,2024-04-02 11:47:54,Modern Storage Boxes,2,59.99
imartin@yahoo.fr,2024-04-02 11:47:54,Coastal Lantern Set,3,69.99
nivanova@gmail.com,2024-09-17 14:04:00,Bamboo Frame Mirror,1,79.99
ostewart@yahoo.com,2024-08-12 21:40:03,Rustic Farmhouse Rug,1,149.99
awalsh@gmail.com,2024-02-10 21:17:14,Rustic Wood Mirror,2,129.99
awalsh@gmail.com,2024-02-10 21:17:14,Bamboo Frame Set,3,79.99
smartin@gmail.com,2024-05-12 01:11:42,Rustic Wooden Crates,2,89.99
smartin@gmail.com,2024-05-12 01:11:42,Vintage Bronze Figure,2,149.99
smartin@gmail.com,2024-05-12 01:11:42,Vintage Suitcase Box,1,79.99
smartin@gmail.com,2024-05-12 01:11:42,Rose Gold Vase,2,79.99
smuller@gmail.com,2024-04-17 04:17:55,Bamboo Organizer,1,39.99
smuller@gmail.com,2024-04-17 04:17:55,Meditation Candle Set,1,59.99
smuller@gmail.com,2024-04-17 04:17:55,Rustic Farmhouse Rug,1,149.99
liamclark@gmail.com,2024-06-29 08:09:43,Modern Abstract Rug,2,179.99
liamclark@gmail.com,2024-06-29 08:09:43,Bamboo Frame Mirror,2,79.99
liamclark@gmail.com,2024-06-29 08:09:43,Natural Jute Rug,2,129.99
liamclark@gmail.com,2024-06-29 08:09:43,Vintage Bronze Figure,1,149.99
liamclark@gmail.com,2024-06-29 08:09:43,Coastal Rope Baskets,3,54.99
lgreen@outlook.com,2024-07-23 15:07:51,Modern Storage Boxes,1,59.99
lgreen@outlook.com,2024-07-23 15:07:51,Natural Jute Rug,3,129.99
tanderson@yahoo.com,2024-07-30 23:27:03,Crystal Flower Vase,3,89.99
tanderson@yahoo.com,2024-07-30 23:27:03,Bamboo Organizer,1,39.99
tanderson@yahoo.com,2024-07-30 23:27:03,Ceramic Table Vase,1,59.99
jwright@outlook.com,2024-09-13 00:39:03,Abstract Metal Wall Panel,2,199.99
jwright@outlook.com,2024-09-13 00:39:03,Aromatherapy Candle Set,3,44.99
jwright@outlook.com,2024-09-13 00:39:03,Rustic Animal Figure,3,59.99
gconti@hotmail.com,2024-01-19 12:21:57,Vintage Bronze Figure,3,149.99
gconti@hotmail.com,2024-01-19 12:21:57,Vintage Brass Candlesticks,3,79.99
mrossi2@gmail.com,2024-10-24 17:44:27,Coastal Lantern Set,1,69.99
mrossi2@gmail.com,2024-10-24 17:44:27,Modern Abstract Rug,1,179.99
mrossi2@gmail.com,2024-10-24 17:44:27,Botanical Print Set,2,89.99
mrossi2@gmail.com,2024-10-24 17:44:27,Abstract Metal Wall Panel,2,199.99
mrossi2@gmail.com,2024-10-24 17:44:27,Rose Gold Vase,3,79.99
mlambert@outlook.fr,2024-09-22 18:05:25,Rose Gold Vase,1,79.99
mlambert@outlook.fr,2024-09-22 18:05:25,Art Deco Table Lamp,3,149.99
mlambert@outlook.fr,2024-09-22 18:05:25,Geometric Wall Art,2,119.99
mlambert@outlook.fr,2024-09-22 18:05:25,Bamboo Floor Lamp,2,129.99
ecooper@yahoo.com,2024-01-25 14:47:23,Vintage Edison Lamp,3,89.99
lmoreau@gmail.com,2024-04-20 17:20:30,Nordic Geometric Rug,2,159.99
lmoreau@gmail.com,2024-04-20 17:20:30,Vintage Suitcase Box,1,79.99
lmoreau@gmail.com,2024-04-20 17:20:30,Minimalist Steel Frame,2,29.99
lmoreau@gmail.com,2024-04-20 17:20:30,Abstract Metal Sculpture,1,119.99
lmoreau@gmail.com,2024-04-20 17:20:30,Rustic Farmhouse Rug,1,149.99
kwagner@gmail.com,2024-11-13 09:26:39,Art Deco Table Lamp,3,149.99
kwagner@gmail.com,2024-11-13 09:26:39,Coastal Shell Mirror,2,99.99
kwagner@gmail.com,2024-11-13 09:26:39,Mountain Landscape Print,1,79.99
kwagner@gmail.com,2024-11-13 09:26:39,Rustic Animal Figure,3,59.99
kwagner@gmail.com,2024-11-13 09:26:39,Coastal Lantern Set,3,69.99
oscott@yahoo.com,2024-09-07 06:37:07,Moroccan Arch Mirror,1,149.99
oscott@yahoo.com,2024-09-07 06:37:07,Vintage Bronze Figure,3,149.99
oscott@yahoo.com,2024-09-07 06:37:07,Nordic Minimalist Vase,3,44.99
oscott@yahoo.com,2024-09-07 06:37:07,Nordic Pattern Cushion,3,44.99
oscott@yahoo.com,2024-09-07 06:37:07,Minimalist Wall Clock,1,49.99
ostewart@yahoo.com,2024-09-28 19:03:53,Nordic Geometric Rug,3,159.99
ostewart@yahoo.com,2024-09-28 19:03:53,Moroccan Arch Mirror,2,149.99
ostewart@yahoo.com,2024-09-28 19:03:53,Global Tribal Statue,1,129.99
erogers@yahoo.com,2024-04-09 05:18:00,Vintage Persian Rug,3,249.99
erogers@yahoo.com,2024-04-09 05:18:00,Wooden Picture Frame,2,45.99
gdumont@gmail.com,2024-01-05 05:06:30,Moroccan Floor Pouf,2,89.99
gdumont@gmail.com,2024-01-05 05:06:30,Abstract Canvas Art,2,129.99
gdumont@gmail.com,2024-01-05 05:06:30,Coastal Driftwood Art,1,69.99
gdumont@gmail.com,2024-01-05 05:06:30,Botanical Print Set,2,89.99
npowell@outlook.com,2024-02-03 00:54:49,Moroccan Storage Pouf,2,119.99
npowell@outlook.com,2024-02-03 00:54:49,Nordic Geometric Rug,1,159.99
npowell@outlook.com,2024-02-03 00:54:49,Lavender Jar Candle,2,19.99
npowell@outlook.com,2024-02-03 00:54:49,Crystal Flower Vase,3,89.99
crousseau@yahoo.fr,2024-06-10 01:35:45,Crystal Glass Sculpture,3,199.99
crousseau@yahoo.fr,2024-06-10 01:35:45,Decorative Throw Pillow,2,39.99
crousseau@yahoo.fr,2024-06-10 01:35:45,Bamboo Frame Set,3,79.99
mpeterson@outlook.com,2024-01-27 16:02:04,Vintage Suitcase Box,1,79.99
mpeterson@outlook.com,2024-01-27 16:02:04,Sunburst Wall Mirror,2,159.99
mpeterson@outlook.com,2024-01-27 16:02:04,Geometric Wall Art,1,119.99
mpeterson@outlook.com,2024-01-27 16:02:04,Bohemian Colorful Rug,2,169.99
mpeterson@outlook.com,2024-01-27 16:02:04,Nordic Geometric Rug,2,159.99
charlottharris@gmail.com,2024-09-05 08:54:52,Urban Skyline Canvas,2,159.99
jkovac@hotmail.com,2024-07-06 14:50:32,Bohemian Glass Candleholder,1,49.99
jkovac@hotmail.com,2024-07-06 14:50:32,Bohemian Floor Cushion,2,69.99
jkovac@hotmail.com,2024-07-06 14:50:32,Scented Soy Candle,3,24.99
jkovac@hotmail.com,2024-07-06 14:50:32,Coastal Striped Rug,3,89.99
imartin@yahoo.fr,2024-02-11 22:10:22,Nordic Pattern Cushion,1,44.99
imartin@yahoo.fr,2024-02-11 22:10:22,Vintage Edison Lamp,2,89.99
imartin@yahoo.fr,2024-02-11 22:10:22,Botanical Print Set,1,89.99
kwagner@gmail.com,2024-12-03 00:50:20,Rustic Farmhouse Rug,1,149.99
kwagner@gmail.com,2024-12-03 00:50:20,Nordic Pendant Light,3,109.99
kwagner@gmail.com,2024-12-03 00:50:20,Vintage Persian Rug,1,249.99
kwagner@gmail.com,2024-12-03 00:50:20,Ceramic Table Vase,3,59.99
kwagner@gmail.com,2024-12-03 00:50:20,Mountain Landscape Print,1,79.99
oadams@yahoo.com,2024-05-02 00:32:20,Moroccan Floor Pouf,1,89.99
oadams@yahoo.com,2024-05-02 00:32:20,Bohemian Colorful Rug,3,169.99
oadams@yahoo.com,2024-05-02 00:32:20,Nordic Wood Sculpture,2,79.99
oadams@yahoo.com,2024-05-02 00:32:20,Rustic Farmhouse Rug,3,149.99
amturner@yahoo.com,2024-07-17 07:12:09,Nordic Minimalist Vase,2,44.99
amturner@yahoo.com,2024-07-17 07:12:09,Japanese Garden Print,2,69.99
amturner@yahoo.com,2024-07-17 07:12:09,Meditation Candle Set,1,59.99
lfoster@outlook.com,2024-05-24 11:01:15,Japanese Garden Print,2,69.99
malsayed@yahoo.com,2024-08-16 11:23:31,Wooden Picture Frame,3,45.99
malsayed@yahoo.com,2024-08-16 11:23:31,Natural Jute Rug,3,129.99
rcooper@yahoo.com,2024-03-26 05:46:29,Bamboo Organizer,3,39.99
rcooper@yahoo.com,2024-03-26 05:46:29,Rustic Wood Mirror,1,129.99
rcooper@yahoo.com,2024-03-26 05:46:29,Bohemian Colorful Rug,1,169.99
rcooper@yahoo.com,2024-03-26 05:46:29,Floating Glass Frame,3,49.99
jwilson@hotmail.com,2024-12-24 21:31:22,Vintage Brass Candlesticks,3,79.99
jwilson@hotmail.com,2024-12-24 21:31:22,Floating Glass Frame,3,49.99
jwilson@hotmail.com,2024-12-24 21:31:22,Coastal Rope Baskets,3,54.99
jwilson@hotmail.com,2024-12-24 21:31:22,Nordic Pattern Cushion,1,44.99
pnovak@gmail.com,2024-07-14 14:33:53,Global Tribal Statue,1,129.99
ostewart@yahoo.com,2024-06-24 00:37:09,Aromatherapy Candle Set,3,44.99
ostewart@yahoo.com,2024-06-24 00:37:09,Luxury Velvet Pillow Set,3,129.99
ostewart@yahoo.com,2024-06-24 00:37:09,Bohemian Hanging Lamp,3,119.99
jwood@outlook.com,2024-03-15 23:40:41,Coastal Rope Frame,2,39.99
jwood@outlook.com,2024-03-15 23:40:41,Nordic Pattern Cushion,2,44.99
dbrooks@yahoo.com,2024-03-28 12:56:21,Coastal Shell Mirror,1,99.99
dbrooks@yahoo.com,2024-03-28 12:56:21,Vintage Bronze Figure,3,149.99
dbrooks@yahoo.com,2024-03-28 12:56:21,Coastal Driftwood Art,2,69.99
slopez@gmail.com,2024-04-08 17:48:18,Woven Storage Basket,2,49.99
lisaj@gmail.com,2024-04-26 06:17:07,Abstract Canvas Art,1,129.99
lisaj@gmail.com,2024-04-26 06:17:07,Floating Glass Frame,2,49.99
lisaj@gmail.com,2024-04-26 06:17:07,Geometric Wall Art,3,119.99
lisaj@gmail.com,2024-04-26 06:17:07,Vintage Photo Frames Set,2,89.99
lisaj@gmail.com,2024-04-26 06:17:07,Abstract Metal Wall Panel,3,199.99
lwatson@gmail.com,2024-02-29 06:39:12,Aromatherapy Candle Set,3,44.99
lwatson@gmail.com,2024-02-29 06:39:12,Rustic Wooden Crates,2,89.99
lwatson@gmail.com,2024-02-29 06:39:12,Coastal Rope Frame,1,39.99
lwatson@gmail.com,2024-02-29 06:39:12,Zen Garden Buddha,2,89.99
dhughes@gmail.com,2024-06-11 01:33:48,Bohemian Hanging Lamp,2,119.99
dhughes@gmail.com,2024-06-11 01:33:48,Vintage Brass Candlesticks,2,79.99
dhughes@gmail.com,2024-06-11 01:33:48,Nordic Round Mirror,1,89.99
dhughes@gmail.com,2024-06-11 01:33:48,Minimalist Wall Clock,1,49.99
jvandenberg@gmail.com,2024-10-07 07:00:32,Vintage Edison Lamp,3,89.99
jvandenberg@gmail.com,2024-10-07 07:00:32,Meditation Candle Set,2,59.99
asilva@hotmail.com,2024-01-16 06:29:07,Japanese Garden Print,1,69.99
slopez@gmail.com,2024-04-05 21:23:04,Bohemian Glass Candleholder,1,49.99
slopez@gmail.com,2024-04-05 21:23:04,Bamboo Frame Set,3,79.99
slopez@gmail.com,2024-04-05 21:23:04,Rustic Wooden Crates,2,89.99
csantos@gmail.com,2024-08-22 20:25:13,Bohemian Glass Candleholder,2,49.99
csantos@gmail.com,2024-08-22 20:25:13,Coastal Driftwood Art,2,69.99
csantos@gmail.com,2024-08-22 20:25:13,Nordic Wood Sculpture,1,79.99
csantos@gmail.com,2024-08-22 20:25:13,Vintage Photo Frames Set,1,89.99
slambert@yahoo.fr,2024-11-12 01:25:34,Japanese Garden Print,2,69.99
slambert@yahoo.fr,2024-11-12 01:25:34,Art Deco Frame,3,69.99
slambert@yahoo.fr,2024-11-12 01:25:34,Rustic Wooden Candle Holder,2,34.99
slambert@yahoo.fr,2024-11-12 01:25:34,Moroccan Pattern Rug,2,199.99
tcollins@gmail.com,2024-04-21 14:10:42,Aromatherapy Candle Set,3,44.99
tcollins@gmail.com,2024-04-21 14:10:42,Coastal Lantern Set,2,69.99
tcollins@gmail.com,2024-04-21 14:10:42,Meditation Candle Set,3,59.99
lbaker@gmail.com,2024-07-07 22:15:55,Global Tribal Statue,1,129.99
mrossi@gmail.com,2024-08-07 22:50:51,Geometric Wall Art,2,119.99
mrossi@gmail.com,2024-08-07 22:50:51,Aromatherapy Candle Set,3,44.99
zprice@gmail.com,2024-05-03 09:38:32,Botanical Print Set,3,89.99
zprice@gmail.com,2024-05-03 09:38:32,Coastal Breeze Candle,1,29.99
zprice@gmail.com,2024-05-03 09:38:32,Abstract Metal Sculpture,3,119.99
malsayed@yahoo.com,2024-08-29 15:03:35,Japanese Garden Print,1,69.99
malsayed@yahoo.com,2024-08-29 15:03:35,Sunburst Wall Mirror,1,159.99
malsayed@yahoo.com,2024-08-29 15:03:35,Nordic Pattern Cushion,1,44.99
malsayed@yahoo.com,2024-08-29 15:03:35,Coastal Blue Vase,3,49.99
malsayed@yahoo.com,2024-08-29 15:03:35,Natural Jute Rug,3,129.99
lbernard@gmail.com,2024-01-17 21:57:07,Art Deco Frame,3,69.99
lbernard@gmail.com,2024-01-17 21:57:07,Velvet Accent Pillow,3,29.99
lbernard@gmail.com,2024-01-17 21:57:07,Crystal Glass Sculpture,2,199.99
lbernard@gmail.com,2024-01-17 21:57:07,Bohemian Glass Candleholder,2,49.99
cgray@yahoo.com,2024-08-11 05:32:31,Nordic Pendant Light,2,109.99
cgray@yahoo.com,2024-08-11 05:32:31,Rustic Wood Mirror,2,129.99
cgray@yahoo.com,2024-08-11 05:32:31,Rustic Wooden Crates,3,89.99
cgray@yahoo.com,2024-08-11 05:32:31,Nordic Round Mirror,3,89.99
gwhite@outlook.com,2024-02-26 05:40:59,Crystal Flower Vase,2,89.99
gwhite@outlook.com,2024-02-26 05:40:59,Art Deco Glass Vase,3,99.99
isilva@outlook.com,2024-11-30 11:14:54,Rustic Animal Figure,1,59.99
isilva@outlook.com,2024-11-30 11:14:54,Global Tribal Statue,1,129.99
isilva@outlook.com,2024-11-30 11:14:54,Crystal Flower Vase,1,89.99
hweber@gmail.com,2024-09-26 10:11:47,Aromatherapy Candle Set,1,44.99
hweber@gmail.com,2024-09-26 10:11:47,Japanese Garden Print,2,69.99
hweber@gmail.com,2024-09-26 10:11:47,Zen Garden Cushion,3,39.99
elaurent@yahoo.fr,2024-05-20 09:00:14,Nordic Geometric Rug,1,159.99
elaurent@yahoo.fr,2024-05-20 09:00:14,Global Tribal Statue,2,129.99
elaurent@yahoo.fr,2024-05-20 09:00:14,Coastal Shell Mirror,2,99.99
henrymoore@yahoo.com,2024-11-15 08:08:33,Rustic Pottery Vase,3,54.99
henrymoore@yahoo.com,2024-11-15 08:08:33,Scented Soy Candle,3,24.99
hjensen@gmail.com,2024-05-26 19:17:38,Wooden Picture Frame,2,45.99
hjensen@gmail.com,2024-05-26 19:17:38,Crystal Glass Sculpture,1,199.99
hjensen@gmail.com,2024-05-26 19:17:38,Abstract Metal Sculpture,1,119.99
wchen@gmail.com,2024-01-25 14:48:46,Nordic Storage Bench,3,159.99
wchen@gmail.com,2024-01-25 14:48:46,Urban Skyline Canvas,3,159.99
wchen@gmail.com,2024-01-25 14:48:46,Rustic Pottery Vase,3,54.99
wchen@gmail.com,2024-01-25 14:48:46,Minimalist Steel Frame,1,29.99
wchen@gmail.com,2024-01-25 14:48:46,Art Deco Glass Vase,2,99.99
dnelson@yahoo.com,2024-07-03 00:02:08,Luxury Velvet Pillow Set,3,129.99
abennett@gmail.com,2024-07-30 10:00:10,Nordic Minimalist Vase,2,44.99
abennett@gmail.com,2024-07-30 10:00:10,Bamboo Floor Lamp,2,129.99
abennett@gmail.com,2024-07-30 10:00:10,Nordic Round Mirror,2,89.99
abennett@gmail.com,2024-07-30 10:00:10,Modern LED Mirror,3,199.99
abennett@gmail.com,2024-07-30 10:00:10,Bohemian Floor Cushion,3,69.99
mrossi@gmail.com,2024-02-29 03:32:32,Nordic Storage Bench,1,159.99
sarahdavis234@hotmail.com,2024-01-03 16:01:28,Art Deco Frame,2,69.99
sarahdavis234@hotmail.com,2024-01-03 16:01:28,Nordic Geometric Rug,3,159.99
cgray@yahoo.com,2024-02-08 12:37:03,Moroccan Floor Pouf,1,89.99
lward@gmail.com,2024-09-22 05:42:43,Bohemian Glass Candleholder,3,49.99
lward@gmail.com,2024-09-22 05:42:43,Coastal Stripe Pillows,1,54.99
tcollins@gmail.com,2024-12-13 01:32:31,Coastal Driftwood Art,3,69.99
tcollins@gmail.com,2024-12-13 01:32:31,Aromatherapy Candle Set,3,44.99
vrivera@outlook.com,2024-02-02 09:29:04,Coastal Lantern Set,1,69.99
vrivera@outlook.com,2024-02-02 09:29:04,Rustic Wood Lamp,1,94.99
vrivera@outlook.com,2024-02-02 09:29:04,Zen Garden Cushion,2,39.99
tweber@gmail.com,2024-07-21 12:04:00,Zen Garden Buddha,1,89.99
tweber@gmail.com,2024-07-21 12:04:00,Botanical Print Set,3,89.99
erogers@yahoo.com,2024-12-30 23:27:07,Bohemian Hanging Lamp,2,119.99
bparker@outlook.com,2024-11-27 06:10:42,Crystal Glass Sculpture,3,199.99
bparker@outlook.com,2024-11-27 06:10:42,Abstract Metal Sculpture,2,119.99
bparker@outlook.com,2024-11-27 06:10:42,Velvet Accent Pillow,3,29.99
bparker@outlook.com,2024-11-27 06:10:42,Luxury Velvet Pillow Set,1,129.99
asilva@hotmail.com,2024-07-22 12:48:00,Art Deco Glass Vase,2,99.99
asilva@hotmail.com,2024-07-22 12:48:00,Lavender Jar Candle,1,19.99
asilva@hotmail.com,2024-07-22 12:48:00,Luxury Velvet Pillow Set,2,129.99
asilva@hotmail.com,2024-07-22 12:48:00,Art Deco Table Lamp,1,149.99
asilva@hotmail.com,2024-07-22 12:48:00,Nordic Storage Bench,2,159.99
lmoreau@gmail.com,2024-06-07 12:50:46,Bohemian Glass Candleholder,3,49.99
bsantos@yahoo.com,2024-12-14 19:04:55,Bamboo Frame Mirror,2,79.99
bsantos@yahoo.com,2024-12-14 19:04:55,Nordic Storage Bench,2,159.99
bsantos@yahoo.com,2024-12-14 19:04:55,Ceramic Table Lamp,3,79.99
bsantos@yahoo.com,2024-12-14 19:04:55,Bamboo Frame Set,2,79.99
mrossi@gmail.com,2024-04-30 21:22:27,Wooden Picture Frame,1,45.99
lisaj@gmail.com,2024-02-21 22:20:13,Coastal Stripe Pillows,3,54.99
hsanders@gmail.com,2024-09-02 13:19:56,Global Tribal Statue,3,129.99
hsanders@gmail.com,2024-09-02 13:19:56,Vintage Suitcase Box,3,79.99
hsanders@gmail.com,2024-09-02 13:19:56,Modern LED Mirror,2,199.99
hsanders@gmail.com,2024-09-02 13:19:56,Luxury Velvet Pillow Set,3,129.99
hsanders@gmail.com,2024-09-02 13:19:56,Vintage Edison Lamp,2,89.99
jmitchell@gmail.com,2024-05-07 08:14:22,Coastal Striped Rug,1,89.99
jmitchell@gmail.com,2024-05-07 08:14:22,Zen Garden Buddha,3,89.99
jmitchell@gmail.com,2024-05-07 08:14:22,Bohemian Hanging Lamp,1,119.99
slambert@yahoo.fr,2024-06-09 17:41:49,Crystal Flower Vase,2,89.99
slambert@yahoo.fr,2024-06-09 17:41:49,Natural Jute Rug,2,129.99
slambert@yahoo.fr,2024-06-09 17:41:49,Aromatherapy Candle Set,1,44.99
slambert@yahoo.fr,2024-06-09 17:41:49,Moroccan Floor Pouf,2,89.99
slambert@yahoo.fr,2024-06-09 17:41:49,Coastal Lantern Set,1,69.99
tcollins@gmail.com,2024-03-21 08:24:10,Rustic Wooden Candle Holder,3,34.99
tcollins@gmail.com,2024-03-21 08:24:10,Coastal Lantern Set,1,69.99
tcollins@gmail.com,2024-03-21 08:24:10,Rustic Wood Mirror,1,129.99
tcollins@gmail.com,2024-03-21 08:24:10,Zen Garden Buddha,1,89.99
mpeterson@outlook.com,2024-01-08 08:07:43,Crystal Glass Sculpture,3,199.99
mpeterson@outlook.com,2024-01-08 08:07:43,Coastal Striped Rug,3,89.99
mpeterson@outlook.com,2024-01-08 08:07:43,Meditation Candle Set,3,59.99
mpeterson@outlook.com,2024-01-08 08:07:43,Metal Photo Frame,1,34.99
mpeterson@outlook.com,2024-01-08 08:07:43,Urban Skyline Canvas,2,159.99
henrymoore@yahoo.com,2024-08-04 00:29:11,Rose Gold Vase,2,79.99
henrymoore@yahoo.com,2024-08-04 00:29:11,Japanese Garden Print,3,69.99
henrymoore@yahoo.com,2024-08-04 00:29:11,Nordic Minimalist Vase,3,44.99
henrymoore@yahoo.com,2024-08-04 00:29:11,Art Deco Glass Vase,2,99.99
njames@yahoo.com,2024-05-05 02:56:19,Bamboo Frame Set,3,79.99
njames@yahoo.com,2024-05-05 02:56:19,Woven Storage Basket,3,49.99
njames@yahoo.com,2024-05-05 02:56:19,Japanese Garden Print,1,69.99
njames@yahoo.com,2024-05-05 02:56:19,Abstract Canvas Art,2,129.99
njames@yahoo.com,2024-05-05 02:56:19,Coastal Breeze Candle,2,29.99
arodriguez@hotmail.com,2024-06-07 02:24:24,Nordic Wood Sculpture,1,79.99
arodriguez@hotmail.com,2024-06-07 02:24:24,Modern LED Mirror,1,199.99
cruiz@hotmail.com,2024-12-26 22:16:01,Nordic Geometric Rug,2,159.99
cruiz@hotmail.com,2024-12-26 22:16:01,Art Deco Frame,2,69.99
cruiz@hotmail.com,2024-12-26 22:16:01,Urban Skyline Canvas,2,159.99
lking@yahoo.com,2024-09-02 03:10:57,Vintage Persian Rug,1,249.99
lking@yahoo.com,2024-09-02 03:10:57,Coastal Rope Frame,2,39.99
ecooper@yahoo.com,2024-11-05 04:54:47,Meditation Candle Set,1,59.99
ecooper@yahoo.com,2024-11-05 04:54:47,Moroccan Floor Pouf,1,89.99
ecooper@yahoo.com,2024-11-05 04:54:47,Global Tribal Statue,1,129.99
fweber@gmail.com,2024-01-06 14:02:01,Rustic Wood Lamp,3,94.99
fweber@gmail.com,2024-01-06 14:02:01,Sunburst Wall Mirror,1,159.99
gwhite@outlook.com,2024-02-27 03:53:25,Modern Abstract Rug,1,179.99
gwhite@outlook.com,2024-02-27 03:53:25,Luxury Velvet Pillow Set,3,129.99
gwhite@outlook.com,2024-02-27 03:53:25,Bamboo Organizer,2,39.99
gwhite@outlook.com,2024-02-27 03:53:25,Art Deco Table Lamp,1,149.99
gwhite@outlook.com,2024-02-27 03:53:25,Geometric Wall Art,3,119.99
georgeking@gmail.com,2024-01-15 03:03:55,Moroccan Arch Mirror,3,149.99
georgeking@gmail.com,2024-01-15 03:03:55,Art Deco Glass Vase,3,99.99
dnelson@yahoo.com,2024-03-14 20:12:32,Vintage Oval Mirror,1,119.99
dnelson@yahoo.com,2024-03-14 20:12:32,Nordic Storage Bench,1,159.99
dnelson@yahoo.com,2024-03-14 20:12:32,Rustic Pottery Vase,2,54.99
dnelson@yahoo.com,2024-03-14 20:12:32,Luxury Velvet Pillow Set,3,129.99
dnelson@yahoo.com,2024-03-14 20:12:32,Geometric Wall Art,2,119.99
oschmidt@gmail.com,2024-02-05 08:09:05,Modern Abstract Rug,2,179.99
ethompson@gmail.com,2024-09-15 20:21:15,Zen Garden Buddha,3,89.99
ethompson@gmail.com,2024-09-15 20:21:15,Modern Storage Boxes,2,59.99
ieellis@yahoo.com,2024-01-20 02:47:58,Coastal Striped Rug,2,89.99
ieellis@yahoo.com,2024-01-20 02:47:58,Coastal Blue Vase,1,49.99
ieellis@yahoo.com,2024-01-20 02:47:58,Rustic Pottery Vase,3,54.99
ieellis@yahoo.com,2024-01-20 02:47:58,Nordic Storage Bench,3,159.99
srivera@outlook.com,2024-02-12 17:37:02,Luxury Velvet Pillow Set,1,129.99
srivera@outlook.com,2024-02-12 17:37:02,Art Deco Table Lamp,3,149.99
srivera@outlook.com,2024-02-12 17:37:02,Bamboo Frame Set,1,79.99
srivera@outlook.com,2024-02-12 17:37:02,Global Tribal Statue,3,129.99
srivera@outlook.com,2024-02-12 17:37:02,Vintage Photo Frames Set,3,89.99
abell@gmail.com,2024-04-20 16:35:26,Crystal Glass Sculpture,3,199.99
abell@gmail.com,2024-04-20 16:35:26,Rustic Wood Mirror,2,129.99
abell@gmail.com,2024-04-20 16:35:26,Lavender Jar Candle,2,19.99
abell@gmail.com,2024-04-20 16:35:26,Vintage Brass Candlesticks,3,79.99
ostewart@yahoo.com,2024-06-07 23:17:08,Zen Garden Buddha,3,89.99
njames@yahoo.com,2024-08-22 23:26:49,Bamboo Floor Lamp,1,129.99
njames@yahoo.com,2024-08-22 23:26:49,Coastal Rope Baskets,3,54.99
njames@yahoo.com,2024-08-22 23:26:49,Sunburst Wall Mirror,2,159.99
njames@yahoo.com,2024-08-22 23:26:49,Natural Jute Rug,2,129.99
njames@yahoo.com,2024-08-22 23:26:49,Vintage Edison Lamp,3,89.99
jwilson@hotmail.com,2024-12-20 03:14:52,Nordic Storage Bench,2,159.99
jwilson@hotmail.com,2024-12-20 03:14:52,Abstract Metal Wall Panel,1,199.99
jwilson@hotmail.com,2024-12-20 03:14:52,Vintage Brass Candlesticks,2,79.99
aandersson@outlook.com,2024-06-22 04:40:46,Zen Garden Cushion,1,39.99
aandersson@outlook.com,2024-06-22 04:40:46,Coastal Stripe Pillows,1,54.99
lward@gmail.com,2024-12-03 09:20:04,Bamboo Floor Vase,1,69.99
lward@gmail.com,2024-12-03 09:20:04,Velvet Accent Pillow,2,29.99
lward@gmail.com,2024-12-03 09:20:04,Coastal Striped Rug,1,89.99
eramirez@yahoo.com,2024-10-11 12:55:04,Coastal Shell Mirror,1,99.99
eramirez@yahoo.com,2024-10-11 12:55:04,Art Deco Glass Vase,3,99.99
eramirez@yahoo.com,2024-10-11 12:55:04,Botanical Print Set,3,89.99
eramirez@yahoo.com,2024-10-11 12:55:04,Urban Skyline Canvas,1,159.99
hturner@gmail.com,2024-12-20 03:23:46,Zen Garden Buddha,2,89.99
hturner@gmail.com,2024-12-20 03:23:46,Rustic Wood Mirror,3,129.99
hturner@gmail.com,2024-12-20 03:23:46,Rustic Wood Lamp,2,94.99
hturner@gmail.com,2024-12-20 03:23:46,Decorative Throw Pillow,2,39.99
cmorgan@outlook.com,2024-01-09 11:37:15,Ceramic Table Vase,3,59.99
cmorgan@outlook.com,2024-01-09 11:37:15,Rustic Wooden Crates,3,89.99
cmorgan@outlook.com,2024-01-09 11:37:15,Nordic Round Mirror,3,89.99
cruiz@hotmail.com,2024-12-21 22:43:06,Moroccan Pattern Rug,1,199.99
cruiz@hotmail.com,2024-12-21 22:43:06,Coastal Blue Vase,1,49.99
cruiz@hotmail.com,2024-12-21 22:43:06,Crystal Flower Vase,3,89.99
cruiz@hotmail.com,2024-12-21 22:43:06,Bohemian Floor Cushion,2,69.99
jmitchell@gmail.com,2024-05-28 14:09:12,Bohemian Glass Candleholder,3,49.99
jmitchell@gmail.com,2024-05-28 14:09:12,Sunburst Wall Mirror,1,159.99
jmitchell@gmail.com,2024-05-28 14:09:12,Art Deco Table Lamp,1,149.99
aferrari@gmail.com,2024-10-17 08:57:31,Moroccan Floor Pouf,1,89.99
aferrari@gmail.com,2024-10-17 08:57:31,Nordic Minimalist Vase,2,44.99
aferrari@gmail.com,2024-10-17 08:57:31,Bamboo Frame Mirror,3,79.99
aferrari@gmail.com,2024-10-17 08:57:31,Nordic Storage Bench,1,159.99
aferrari@gmail.com,2024-10-17 08:57:31,Bohemian Hanging Lamp,3,119.99
erogers@yahoo.com,2024-05-18 01:11:13,Moroccan Arch Mirror,2,149.99
erogers@yahoo.com,2024-05-18 01:11:13,Coastal Rope Frame,2,39.99
erogers@yahoo.com,2024-05-18 01:11:13,Rustic Wood Lamp,1,94.99
erogers@yahoo.com,2024-05-18 01:11:13,Rustic Wooden Candle Holder,3,34.99
mgarcia@yahoo.com,2024-06-16 23:00:11,Zen Garden Buddha,3,89.99
mgarcia@yahoo.com,2024-06-16 23:00:11,Wooden Picture Frame,3,45.99
esanders@outlook.com,2024-04-06 17:25:26,Abstract Canvas Art,2,129.99
esanders@outlook.com,2024-04-06 17:25:26,Minimalist Steel Frame,1,29.99
abell@gmail.com,2024-03-22 04:36:26,Japanese Garden Print,2,69.99
npowell@outlook.com,2024-05-04 05:38:09,Woven Storage Basket,3,49.99
srivera@outlook.com,2024-11-19 04:01:05,Rustic Wood Mirror,1,129.99
srivera@outlook.com,2024-11-19 04:01:05,Bamboo Floor Vase,1,69.99
srivera@outlook.com,2024-11-19 04:01:05,Bohemian Floor Cushion,2,69.99
srivera@outlook.com,2024-11-19 04:01:05,Scented Soy Candle,3,24.99
mharris@gmail.com,2024-08-22 15:35:38,Nordic Wood Sculpture,2,79.99
mharris@gmail.com,2024-08-22 15:35:38,Bamboo Floor Lamp,1,129.99
aleclerc@yahoo.fr,2024-07-20 19:33:52,Modern LED Mirror,1,199.99
aleclerc@yahoo.fr,2024-07-20 19:33:52,Rustic Wooden Crates,3,89.99
aleclerc@yahoo.fr,2024-07-20 19:33:52,Luxury Velvet Pillow Set,3,129.99
aleclerc@yahoo.fr,2024-07-20 19:33:52,Nordic Pendant Light,3,109.99
aleclerc@yahoo.fr,2024-07-20 19:33:52,Coastal Stripe Pillows,1,54.99
njames@yahoo.com,2024-06-10 15:17:57,Vintage Edison Lamp,2,89.99
njames@yahoo.com,2024-06-10 15:17:57,Ceramic Table Vase,2,59.99
hsanders@gmail.com,2024-02-25 12:21:42,Nordic Pendant Light,3,109.99
hsanders@gmail.com,2024-02-25 12:21:42,Velvet Accent Pillow,1,29.99
fsilva@gmail.com,2024-09-23 13:22:34,Coastal Rope Baskets,3,54.99
fsilva@gmail.com,2024-09-23 13:22:34,Vintage Brass Candlesticks,2,79.99
fsilva@gmail.com,2024-09-23 13:22:34,Natural Jute Rug,1,129.99
fsilva@gmail.com,2024-09-23 13:22:34,Art Deco Table Lamp,2,149.99
emmawilson456@yahoo.com,2024-11-22 10:03:57,Minimalist Wall Clock,3,49.99
emmawilson456@yahoo.com,2024-11-22 10:03:57,Global Tribal Statue,1,129.99
emmawilson456@yahoo.com,2024-11-22 10:03:57,Luxury Velvet Pillow Set,1,129.99
emmawilson456@yahoo.com,2024-11-22 10:03:57,Meditation Candle Set,2,59.99
emmawilson456@yahoo.com,2024-11-22 10:03:57,Bamboo Organizer,3,39.99
srivera@outlook.com,2024-09-28 00:48:17,Minimalist Wall Clock,1,49.99
srivera@outlook.com,2024-09-28 00:48:17,Nordic Round Mirror,2,89.99
srivera@outlook.com,2024-09-28 00:48:17,Nordic Wood Sculpture,3,79.99
gdumont@gmail.com,2024-02-17 08:45:27,Botanical Print Set,3,89.99
gdumont@gmail.com,2024-02-17 08:45:27,Velvet Accent Pillow,1,29.99
gdumont@gmail.com,2024-02-17 08:45:27,Coastal Driftwood Art,3,69.99
gdumont@gmail.com,2024-02-17 08:45:27,Coastal Stripe Pillows,3,54.99
gdumont@gmail.com,2024-02-17 08:45:27,Metal Photo Frame,3,34.99
enielsen@outlook.com,2024-02-14 11:28:04,Ceramic Table Vase,2,59.99
lferrari@yahoo.it,2024-09-24 22:52:03,Abstract Metal Wall Panel,1,199.99
lferrari@yahoo.it,2024-09-24 22:52:03,Coastal Rope Frame,3,39.99
lferrari@yahoo.it,2024-09-24 22:52:03,Botanical Print Set,2,89.99
lferrari@yahoo.it,2024-09-24 22:52:03,Bamboo Floor Lamp,3,129.99
lferrari@yahoo.it,2024-09-24 22:52:03,Nordic Storage Bench,2,159.99
enielsen@outlook.com,2024-02-22 17:22:01,Meditation Candle Set,1,59.99
elaurent@yahoo.fr,2024-04-07 06:10:58,Bohemian Floor Cushion,3,69.99
elaurent@yahoo.fr,2024-04-07 06:10:58,Rustic Pottery Vase,1,54.99
elaurent@yahoo.fr,2024-04-07 06:10:58,Coastal Rope Frame,2,39.99
elaurent@yahoo.fr,2024-04-07 06:10:58,Rustic Animal Figure,3,59.99
elaurent@yahoo.fr,2024-04-07 06:10:58,Crystal Glass Sculpture,2,199.99
lking@yahoo.com,2024-07-12 08:56:04,Abstract Metal Wall Panel,2,199.99
nivanova@gmail.com,2024-11-11 16:20:40,Coastal Shell Mirror,3,99.99
mlambert@outlook.fr,2024-11-07 04:35:07,Bamboo Frame Mirror,2,79.99
mlambert@outlook.fr,2024-11-07 04:35:07,Rose Gold Vase,2,79.99
vrivera@outlook.com,2024-06-21 06:15:49,Urban Skyline Canvas,1,159.99
vrivera@outlook.com,2024-06-21 06:15:49,Nordic Round Mirror,2,89.99
vrivera@outlook.com,2024-06-21 06:15:49,Crystal Glass Sculpture,1,199.99
vrivera@outlook.com,2024-06-21 06:15:49,Coastal Rope Frame,2,39.99
gconti@hotmail.com,2024-04-14 13:07:11,Global Tribal Statue,2,129.99
gconti@hotmail.com,2024-04-14 13:07:11,Bohemian Colorful Rug,1,169.99
gconti@hotmail.com,2024-04-14 13:07:11,Vintage Oval Mirror,3,119.99
gconti@hotmail.com,2024-04-14 13:07:11,Abstract Metal Wall Panel,2,199.99
gconti@hotmail.com,2024-04-14 13:07:11,Vintage Suitcase Box,3,79.99
esanders@outlook.com,2024-04-05 00:09:22,Coastal Striped Rug,3,89.99
esanders@outlook.com,2024-04-05 00:09:22,Vintage Persian Rug,3,249.99
esanders@outlook.com,2024-04-05 00:09:22,Decorative Throw Pillow,2,39.99
esanders@outlook.com,2024-04-05 00:09:22,Coastal Blue Vase,2,49.99
esanders@outlook.com,2024-04-05 00:09:22,Rustic Wood Mirror,3,129.99
gromano@gmail.com,2024-03-21 05:38:52,Coastal Breeze Candle,3,29.99
gromano@gmail.com,2024-03-21 05:38:52,Art Deco Frame,2,69.99
gromano@gmail.com,2024-03-21 05:38:52,Geometric Wall Art,3,119.99
csantos2@hotmail.com,2024-03-28 13:41:04,Minimalist Steel Frame,2,29.99
csantos2@hotmail.com,2024-03-28 13:41:04,Decorative Throw Pillow,2,39.99
csantos2@hotmail.com,2024-03-28 13:41:04,Bamboo Frame Set,3,79.99
csantos2@hotmail.com,2024-03-28 13:41:04,Nordic Geometric Rug,1,159.99
csantos2@hotmail.com,2024-03-28 13:41:04,Coastal Striped Rug,2,89.99
ascott@outlook.com,2024-05-31 18:50:44,Coastal Driftwood Art,1,69.99
ascott@outlook.com,2024-05-31 18:50:44,Scented Soy Candle,3,24.99
ascott@outlook.com,2024-05-31 18:50:44,Velvet Accent Pillow,2,29.99
ascott@outlook.com,2024-05-31 18:50:44,Bamboo Floor Lamp,1,129.99
ascott@outlook.com,2024-05-31 18:50:44,Aromatherapy Candle Set,3,44.99
michaelbrown789@outlook.com,2024-11-10 06:27:18,Abstract Metal Sculpture,2,119.99
michaelbrown789@outlook.com,2024-11-10 06:27:18,Wooden Picture Frame,3,45.99
michaelbrown789@outlook.com,2024-11-10 06:27:18,Rustic Wood Mirror,2,129.99
michaelbrown789@outlook.com,2024-11-10 06:27:18,Vintage Edison Lamp,3,89.99
mlambert@outlook.fr,2024-05-11 15:02:03,Nordic Geometric Rug,2,159.99
lwatson@gmail.com,2024-01-02 20:06:42,Art Deco Table Lamp,1,149.99
abarnes@yahoo.com,2024-04-11 21:38:08,Modern Abstract Rug,3,179.99
abarnes@yahoo.com,2024-04-11 21:38:08,Rustic Farmhouse Rug,2,149.99
abarnes@yahoo.com,2024-04-11 21:38:08,Lavender Jar Candle,3,19.99
abarnes@yahoo.com,2024-04-11 21:38:08,Ceramic Table Lamp,1,79.99
abarnes@yahoo.com,2024-04-11 21:38:08,Nordic Wood Sculpture,2,79.99
lward@gmail.com,2024-07-10 02:10:00,Geometric Wall Art,1,119.99
lward@gmail.com,2024-07-10 02:10:00,Bohemian Glass Candleholder,2,49.99
lward@gmail.com,2024-07-10 02:10:00,Aromatherapy Candle Set,3,44.99
lward@gmail.com,2024-07-10 02:10:00,Coastal Rope Baskets,1,54.99
lward@gmail.com,2024-07-10 02:10:00,Art Deco Table Lamp,1,149.99
slambert@yahoo.fr,2024-07-01 11:52:31,Velvet Accent Pillow,2,29.99
slambert@yahoo.fr,2024-07-01 11:52:31,Lavender Jar Candle,3,19.99
slambert@yahoo.fr,2024-07-01 11:52:31,Metal Photo Frame,2,34.99
slambert@yahoo.fr,2024-07-01 11:52:31,Coastal Lantern Set,3,69.99
eturner@outlook.com,2024-09-16 10:15:31,Geometric Wall Art,3,119.99
eturner@outlook.com,2024-09-16 10:15:31,Abstract Metal Wall Panel,1,199.99
eturner@outlook.com,2024-09-16 10:15:31,Moroccan Pattern Rug,1,199.99
lwatson@gmail.com,2024-01-18 17:53:17,Coastal Rope Baskets,3,54.99
michaelbrown789@outlook.com,2024-03-13 03:01:33,Nordic Wood Sculpture,3,79.99
michaelbrown789@outlook.com,2024-03-13 03:01:33,Coastal Stripe Pillows,1,54.99
michaelbrown789@outlook.com,2024-03-13 03:01:33,Scented Soy Candle,1,24.99
enielsen@outlook.com,2024-10-22 07:10:02,Bohemian Floor Cushion,3,69.99
enielsen@outlook.com,2024-10-22 07:10:02,Nordic Pendant Light,3,109.99
enielsen@outlook.com,2024-10-22 07:10:02,Rustic Wood Mirror,3,129.99
enielsen@outlook.com,2024-10-22 07:10:02,Bohemian Colorful Rug,2,169.99
csantos2@hotmail.com,2024-08-26 06:06:33,Floating Glass Frame,2,49.99
csantos2@hotmail.com,2024-08-26 06:06:33,Rose Gold Vase,2,79.99
csantos2@hotmail.com,2024-08-26 06:06:33,Vintage Edison Lamp,1,89.99
owalker@gmail.com,2024-03-20 10:14:51,Coastal Breeze Candle,2,29.99
owalker@gmail.com,2024-03-20 10:14:51,Art Deco Glass Vase,2,99.99
owalker@gmail.com,2024-03-20 10:14:51,Moroccan Arch Mirror,3,149.99
owalker@gmail.com,2024-03-20 10:14:51,Bamboo Floor Vase,1,69.99
vrivera@outlook.com,2024-07-25 23:26:36,Coastal Driftwood Art,1,69.99
ytanaka@gmail.com,2024-11-05 23:59:24,Rustic Farmhouse Rug,3,149.99
ytanaka@gmail.com,2024-11-05 23:59:24,Crystal Flower Vase,1,89.99
ytanaka@gmail.com,2024-11-05 23:59:24,Abstract Metal Wall Panel,2,199.99
aferrari@gmail.com,2024-02-19 03:21:24,Minimalist Steel Frame,3,29.99
aferrari@gmail.com,2024-02-19 03:21:24,Vintage Photo Frames Set,3,89.99
aferrari@gmail.com,2024-02-19 03:21:24,Meditation Candle Set,2,59.99
aferrari@gmail.com,2024-02-19 03:21:24,Vintage Persian Rug,2,249.99
esvensson@gmail.com,2024-11-17 15:21:26,Scented Soy Candle,3,24.99
esvensson@gmail.com,2024-11-17 15:21:26,Lavender Jar Candle,1,19.99
kwagner@gmail.com,2024-04-08 17:52:05,Minimalist Wall Clock,1,49.99
kwagner@gmail.com,2024-04-08 17:52:05,Art Deco Frame,3,69.99
jvandenberg@gmail.com,2024-08-14 06:05:26,Moroccan Storage Pouf,3,119.99
davidtaylor567@gmail.com,2024-01-26 01:39:58,Coastal Breeze Candle,3,29.99
davidtaylor567@gmail.com,2024-01-26 01:39:58,Bohemian Hanging Lamp,1,119.99
davidtaylor567@gmail.com,2024-01-26 01:39:58,Coastal Stripe Pillows,2,54.99
davidtaylor567@gmail.com,2024-01-26 01:39:58,Moroccan Pattern Rug,1,199.99
davidtaylor567@gmail.com,2024-01-26 01:39:58,Vintage Suitcase Box,1,79.99
crousseau@yahoo.fr,2024-09-10 19:16:53,Coastal Shell Mirror,1,99.99
crousseau@yahoo.fr,2024-09-10 19:16:53,Vintage Photo Frames Set,1,89.99
crousseau@yahoo.fr,2024-09-10 19:16:53,Moroccan Storage Pouf,3,119.99
tcollins@gmail.com,2024-04-20 14:06:03,Bohemian Hanging Lamp,2,119.99
tcollins@gmail.com,2024-04-20 14:06:03,Coastal Stripe Pillows,1,54.99
lfoster@outlook.com,2024-03-24 20:31:31,Rustic Pottery Vase,1,54.99
lfoster@outlook.com,2024-03-24 20:31:31,Lavender Jar Candle,3,19.99
lfoster@outlook.com,2024-03-24 20:31:31,Nordic Pendant Light,3,109.99
lfoster@outlook.com,2024-03-24 20:31:31,Natural Jute Rug,2,129.99
lfoster@outlook.com,2024-03-24 20:31:31,Vintage Photo Frames Set,3,89.99
awalsh@gmail.com,2024-04-08 16:24:27,Coastal Shell Mirror,2,99.99
awalsh@gmail.com,2024-04-08 16:24:27,Modern LED Mirror,2,199.99
awalsh@gmail.com,2024-02-19 04:55:01,Bamboo Frame Mirror,1,79.99
awalsh@gmail.com,2024-02-19 04:55:01,Crystal Flower Vase,2,89.99
awalsh@gmail.com,2024-02-19 04:55:01,Metal Photo Frame,2,34.99
awalsh@gmail.com,2024-02-19 04:55:01,Coastal Rope Frame,1,39.99
awalsh@gmail.com,2024-02-19 04:55:01,Lavender Jar Candle,1,19.99
ieellis@yahoo.com,2024-12-06 07:20:50,Abstract Metal Sculpture,3,119.99
vpetrov@gmail.com,2024-12-22 13:05:04,Coastal Blue Vase,3,49.99
vpetrov@gmail.com,2024-12-22 13:05:04,Vintage Brass Candlesticks,1,79.99
pdubois@yahoo.fr,2024-01-05 23:43:32,Rustic Wooden Candle Holder,1,34.99
pdubois@yahoo.fr,2024-01-05 23:43:32,Japanese Garden Print,3,69.99
ecarter@outlook.com,2024-02-14 16:30:23,Aromatherapy Candle Set,1,44.99
ecarter@outlook.com,2024-02-14 16:30:23,Crystal Flower Vase,1,89.99
ecarter@outlook.com,2024-02-14 16:30:23,Abstract Canvas Art,3,129.99
dbrooks@yahoo.com,2024-01-16 00:25:27,Rustic Pottery Vase,2,54.99
dbrooks@yahoo.com,2024-01-16 00:25:27,Nordic Storage Bench,2,159.99
smurphy@yahoo.com,2024-04-21 23:20:51,Rustic Pottery Vase,1,54.99
smurphy@yahoo.com,2024-04-21 23:20:51,Moroccan Floor Pouf,3,89.99
smurphy@yahoo.com,2024-04-21 23:20:51,Bohemian Glass Candleholder,3,49.99
owalker@gmail.com,2024-07-27 07:20:31,Vintage Bronze Figure,2,149.99
ethompson@gmail.com,2024-09-26 06:50:16,Rustic Wooden Crates,1,89.99
ethompson@gmail.com,2024-09-26 06:50:16,Woven Storage Basket,3,49.99
ethompson@gmail.com,2024-09-26 06:50:16,Floating Glass Frame,3,49.99
ethompson@gmail.com,2024-09-26 06:50:16,Minimalist Wall Clock,2,49.99
imartin@yahoo.fr,2024-06-08 20:15:39,Art Deco Glass Vase,2,99.99
rtorres@gmail.com,2024-08-10 05:04:03,Bamboo Floor Vase,3,69.99
rtorres@gmail.com,2024-08-10 05:04:03,Woven Storage Basket,3,49.99
rtorres@gmail.com,2024-08-10 05:04:03,Nordic Geometric Rug,1,159.99
jlee@outlook.com,2024-11-13 00:29:13,Art Deco Frame,2,69.99
jlee@outlook.com,2024-11-13 00:29:13,Vintage Photo Frames Set,2,89.99
zprice@gmail.com,2024-01-30 16:25:20,Scented Soy Candle,3,24.99
zprice@gmail.com,2024-01-30 16:25:20,Vintage Persian Rug,2,249.99
sarahdavis234@hotmail.com,2024-08-19 23:53:12,Minimalist Steel Frame,1,29.99
sarahdavis234@hotmail.com,2024-08-19 23:53:12,Crystal Flower Vase,3,89.99
sarahdavis234@hotmail.com,2024-08-19 23:53:12,Bamboo Floor Lamp,3,129.99
sarahdavis234@hotmail.com,2024-08-19 23:53:12,Botanical Print Set,1,89.99
sarahdavis234@hotmail.com,2024-08-19 23:53:12,Woven Storage Basket,1,49.99
davidtaylor567@gmail.com,2024-12-08 18:16:42,Moroccan Pattern Rug,1,199.99
davidtaylor567@gmail.com,2024-12-08 18:16:42,Abstract Canvas Art,1,129.99
davidtaylor567@gmail.com,2024-12-08 18:16:42,Bohemian Glass Candleholder,1,49.99
davidtaylor567@gmail.com,2024-12-08 18:16:42,Art Deco Glass Vase,3,99.99
davidtaylor567@gmail.com,2024-12-08 18:16:42,Floating Glass Frame,3,49.99
bsantos@yahoo.com,2024-12-12 11:11:57,Coastal Lantern Set,2,69.99
bsantos@yahoo.com,2024-12-12 11:11:57,Coastal Rope Frame,1,39.99
bsantos@yahoo.com,2024-12-12 11:11:57,Coastal Driftwood Art,2,69.99
bsantos@yahoo.com,2024-12-12 11:11:57,Abstract Metal Sculpture,3,119.99
mkarlsson@gmail.com,2024-09-10 16:03:19,Moroccan Arch Mirror,1,149.99
mkarlsson@gmail.com,2024-09-10 16:03:19,Botanical Print Set,2,89.99
mkarlsson@gmail.com,2024-09-10 16:03:19,Sunburst Wall Mirror,1,159.99
mkarlsson@gmail.com,2024-09-10 16:03:19,Bohemian Floor Cushion,3,69.99
sbrooks@yahoo.com,2024-09-18 04:41:23,Art Deco Frame,3,69.99
sbrooks@yahoo.com,2024-09-18 04:41:23,Minimalist Steel Frame,1,29.99
sbrooks@yahoo.com,2024-09-18 04:41:23,Metal Photo Frame,1,34.99
sbrooks@yahoo.com,2024-09-18 04:41:23,Vintage Edison Lamp,3,89.99
jkovac@hotmail.com,2024-12-19 20:20:09,Bohemian Glass Candleholder,2,49.99
cgray@yahoo.com,2024-01-01 19:42:30,Rustic Wood Lamp,2,94.99
cgray@yahoo.com,2024-01-01 19:42:30,Coastal Blue Vase,1,49.99
cgray@yahoo.com,2024-01-01 19:42:30,Bamboo Floor Vase,2,69.99
cgray@yahoo.com,2024-01-01 19:42:30,Floating Glass Frame,3,49.99
mharris@gmail.com,2024-03-19 19:29:41,Rustic Pottery Vase,3,54.99
rtorres@gmail.com,2024-12-03 18:11:15,Coastal Rope Frame,3,39.99
rtorres@gmail.com,2024-12-03 18:11:15,Minimalist Wall Clock,2,49.99
owalker@gmail.com,2024-02-25 07:57:24,Wooden Picture Frame,3,45.99
owalker@gmail.com,2024-02-25 07:57:24,Art Deco Glass Vase,1,99.99
owalker@gmail.com,2024-02-25 07:57:24,Geometric Wall Art,1,119.99
owalker@gmail.com,2024-02-25 07:57:24,Crystal Glass Sculpture,1,199.99
dross@hotmail.com,2024-08-18 19:30:07,Geometric Wall Art,2,119.99
dross@hotmail.com,2024-08-18 19:30:07,Scented Soy Candle,2,24.99
dross@hotmail.com,2024-08-18 19:30:07,Modern Storage Boxes,2,59.99
dross@hotmail.com,2024-08-18 19:30:07,Rose Gold Vase,2,79.99
dross@hotmail.com,2024-08-18 19:30:07,Bamboo Frame Mirror,3,79.99
emmawilson456@yahoo.com,2024-09-21 10:59:38,Coastal Stripe Pillows,2,54.99
emmawilson456@yahoo.com,2024-09-21 10:59:38,Zen Garden Buddha,1,89.99
emmawilson456@yahoo.com,2024-09-21 10:59:38,Art Deco Table Lamp,2,149.99
emmawilson456@yahoo.com,2024-09-21 10:59:38,Minimalist Steel Frame,1,29.99
emmawilson456@yahoo.com,2024-09-21 10:59:38,Rustic Wooden Candle Holder,3,34.99
gconti@hotmail.com,2024-03-12 15:46:02,Velvet Accent Pillow,1,29.99
gconti@hotmail.com,2024-03-12 15:46:02,Bamboo Floor Vase,1,69.99
gconti@hotmail.com,2024-03-12 15:46:02,Scented Soy Candle,2,24.99
ecarter@outlook.com,2024-05-15 09:16:13,Moroccan Floor Pouf,3,89.99
ecarter@outlook.com,2024-05-15 09:16:13,Vintage Oval Mirror,3,119.99
ecarter@outlook.com,2024-05-15 09:16:13,Zen Garden Cushion,2,39.99
ecarter@outlook.com,2024-05-15 09:16:13,Zen Garden Buddha,3,89.99
mlambert@outlook.fr,2024-07-25 07:59:35,Moroccan Floor Pouf,1,89.99
mlambert@outlook.fr,2024-07-25 07:59:35,Moroccan Pattern Rug,2,199.99
jkovac@hotmail.com,2024-11-18 15:27:44,Nordic Pattern Cushion,3,44.99
dnelson@yahoo.com,2024-12-30 15:52:57,Zen Garden Cushion,3,39.99
dnelson@yahoo.com,2024-12-30 15:52:57,Nordic Minimalist Vase,1,44.99
jwright@outlook.com,2024-12-11 12:15:02,Bohemian Hanging Lamp,1,119.99
fweber@gmail.com,2024-09-27 04:27:26,Rose Gold Vase,1,79.99
fweber@gmail.com,2024-09-27 04:27:26,Bohemian Colorful Rug,1,169.99
lbaker@gmail.com,2024-01-18 06:24:18,Velvet Accent Pillow,1,29.99
lbaker@gmail.com,2024-01-18 06:24:18,Minimalist Wall Clock,3,49.99
lbaker@gmail.com,2024-01-18 06:24:18,Lavender Jar Candle,2,19.99
lbaker@gmail.com,2024-01-18 06:24:18,Rustic Pottery Vase,2,54.99
mhall@outlook.com,2024-09-05 03:57:34,Bamboo Floor Vase,2,69.99
mhall@outlook.com,2024-09-05 03:57:34,Bohemian Colorful Rug,2,169.99
mgarcia@yahoo.com,2024-04-16 21:33:15,Lavender Jar Candle,3,19.99
mgarcia@yahoo.com,2024-04-16 21:33:15,Moroccan Floor Pouf,2,89.99
mgarcia@yahoo.com,2024-04-16 21:33:15,Ceramic Table Lamp,3,79.99
mgarcia@yahoo.com,2024-04-16 21:33:15,Zen Garden Buddha,3,89.99
gdumont@gmail.com,2024-01-10 03:42:03,Botanical Print Set,2,89.99
hweber@gmail.com,2024-01-29 04:25:35,Geometric Wall Art,2,119.99
dbrooks@yahoo.com,2024-10-09 05:30:32,Abstract Canvas Art,1,129.99
dbrooks@yahoo.com,2024-10-09 05:30:32,Natural Jute Rug,2,129.99
dbrooks@yahoo.com,2024-10-09 05:30:32,Crystal Flower Vase,2,89.99
dbrooks@yahoo.com,2024-10-09 05:30:32,Scented Soy Candle,3,24.99
dbrooks@yahoo.com,2024-10-09 05:30:32,Decorative Throw Pillow,2,39.99
cromano@gmail.com,2024-02-04 05:21:33,Minimalist Steel Frame,1,29.99
pnovak@gmail.com,2024-12-26 14:08:41,Nordic Pendant Light,1,109.99
pnovak@gmail.com,2024-12-26 14:08:41,Abstract Canvas Art,1,129.99
pnovak@gmail.com,2024-12-26 14:08:41,Rustic Pottery Vase,2,54.99
pnovak@gmail.com,2024-12-26 14:08:41,Urban Skyline Canvas,2,159.99
pnovak@gmail.com,2024-12-26 14:08:41,Decorative Throw Pillow,3,39.99
vrivera@outlook.com,2024-03-17 16:00:52,Nordic Pendant Light,3,109.99
vrivera@outlook.com,2024-03-17 16:00:52,Art Deco Table Lamp,3,149.99
vrivera@outlook.com,2024-03-17 16:00:52,Sunburst Wall Mirror,1,159.99
sbrooks@yahoo.com,2024-05-12 14:05:39,Moroccan Pattern Rug,2,199.99
sbrooks@yahoo.com,2024-05-12 14:05:39,Bohemian Colorful Rug,1,169.99
sbrooks@yahoo.com,2024-05-12 14:05:39,Vintage Persian Rug,3,249.99
zprice@gmail.com,2024-08-01 23:20:30,Coastal Driftwood Art,3,69.99
landersen@outlook.com,2024-11-28 05:37:54,Modern Abstract Rug,3,179.99
landersen@outlook.com,2024-11-28 05:37:54,Art Deco Frame,1,69.99
fweber@gmail.com,2024-08-27 08:50:08,Bamboo Floor Vase,1,69.99
fweber@gmail.com,2024-08-27 08:50:08,Rustic Wood Mirror,2,129.99
fweber@gmail.com,2024-08-27 08:50:08,Floating Glass Frame,1,49.99
fweber@gmail.com,2024-08-27 08:50:08,Art Deco Frame,3,69.99
fweber@gmail.com,2024-08-27 08:50:08,Moroccan Floor Pouf,1,89.99
lisaj@gmail.com,2024-09-19 12:30:59,Coastal Blue Vase,2,49.99
lisaj@gmail.com,2024-09-19 12:30:59,Wooden Picture Frame,3,45.99
lisaj@gmail.com,2024-09-19 12:30:59,Nordic Pendant Light,3,109.99
kwagner@gmail.com,2024-07-27 22:54:38,Bamboo Frame Mirror,1,79.99
kwagner@gmail.com,2024-07-27 22:54:38,Velvet Accent Pillow,1,29.99
kwagner@gmail.com,2024-07-27 22:54:38,Rustic Wood Lamp,3,94.99
kwagner@gmail.com,2024-07-27 22:54:38,Vintage Edison Lamp,2,89.99
kwagner@gmail.com,2024-07-27 22:54:38,Bohemian Hanging Lamp,1,119.99
csantos2@hotmail.com,2024-04-04 08:54:32,Abstract Canvas Art,1,129.99
csantos2@hotmail.com,2024-04-04 08:54:32,Minimalist Wall Clock,2,49.99
csantos2@hotmail.com,2024-04-04 08:54:32,Velvet Accent Pillow,1,29.99
abennett@gmail.com,2024-09-02 14:27:22,Rustic Wooden Candle Holder,1,34.99
abennett@gmail.com,2024-09-02 14:27:22,Abstract Metal Wall Panel,2,199.99
tweber@gmail.com,2024-08-08 01:45:18,Coastal Shell Mirror,2,99.99
tweber@gmail.com,2024-08-08 01:45:18,Aromatherapy Candle Set,2,44.99
tweber@gmail.com,2024-08-08 01:45:18,Vintage Brass Candlesticks,1,79.99
gconti@hotmail.com,2024-02-16 12:53:40,Ceramic Table Vase,3,59.99
gconti@hotmail.com,2024-02-16 12:53:40,Coastal Rope Frame,1,39.99
gconti@hotmail.com,2024-02-16 12:53:40,Coastal Stripe Pillows,3,54.99
gconti@hotmail.com,2024-02-16 12:53:40,Japanese Garden Print,3,69.99
mschmidt@outlook.com,2024-05-06 11:43:16,Floating Glass Frame,1,49.99
mschmidt@outlook.com,2024-05-06 11:43:16,Zen Garden Cushion,1,39.99
mschmidt@outlook.com,2024-05-06 11:43:16,Geometric Wall Art,3,119.99
mschmidt@outlook.com,2024-05-06 11:43:16,Abstract Canvas Art,1,129.99
mschmidt@outlook.com,2024-05-06 11:43:16,Art Deco Frame,2,69.99
jwood@outlook.com,2024-12-14 08:03:59,Bohemian Hanging Lamp,3,119.99
jwood@outlook.com,2024-12-14 08:03:59,Ceramic Table Lamp,2,79.99
jwood@outlook.com,2024-12-14 08:03:59,Ceramic Table Vase,3,59.99
jwood@outlook.com,2024-12-14 08:03:59,Natural Jute Rug,2,129.99
jwood@outlook.com,2024-12-14 08:03:59,Zen Garden Buddha,3,89.99
hmorris@outlook.com,2024-07-06 06:14:50,Bamboo Floor Vase,1,69.99
hmorris@outlook.com,2024-07-06 06:14:50,Rustic Wooden Crates,1,89.99
hmorris@outlook.com,2024-07-06 06:14:50,Rustic Wood Mirror,1,129.99
malsayed@yahoo.com,2024-05-02 08:04:41,Zen Garden Cushion,1,39.99
malsayed@yahoo.com,2024-05-02 08:04:41,Rustic Wooden Crates,2,89.99
georgeking@gmail.com,2024-08-12 09:18:34,Abstract Metal Sculpture,1,119.99
georgeking@gmail.com,2024-08-12 09:18:34,Nordic Wood Sculpture,1,79.99
georgeking@gmail.com,2024-08-12 09:18:34,Coastal Rope Baskets,2,54.99
georgeking@gmail.com,2024-08-12 09:18:34,Bamboo Floor Lamp,3,129.99
fweber@gmail.com,2024-05-06 10:03:00,Meditation Candle Set,2,59.99
fweber@gmail.com,2024-05-06 10:03:00,Ceramic Table Lamp,1,79.99
bparker@outlook.com,2024-08-18 23:23:28,Rustic Pottery Vase,2,54.99
bparker@outlook.com,2024-08-18 23:23:28,Coastal Shell Mirror,3,99.99
bparker@outlook.com,2024-08-18 23:23:28,Bamboo Frame Set,1,79.99
bparker@outlook.com,2024-08-18 23:23:28,Bamboo Organizer,1,39.99
bparker@outlook.com,2024-08-18 23:23:28,Abstract Metal Wall Panel,2,199.99
esanders@outlook.com,2024-07-15 22:02:13,Nordic Minimalist Vase,3,44.99
esanders@outlook.com,2024-07-15 22:02:13,Bamboo Floor Vase,3,69.99
mkarlsson@gmail.com,2024-06-29 20:00:53,Decorative Throw Pillow,2,39.99
ostewart@yahoo.com,2024-04-28 08:09:21,Minimalist Steel Frame,3,29.99
smartin@gmail.com,2024-07-22 23:12:36,Moroccan Floor Pouf,1,89.99
dnelson@yahoo.com,2024-01-30 08:05:01,Nordic Pattern Cushion,1,44.99
dnelson@yahoo.com,2024-01-30 08:05:01,Zen Garden Cushion,1,39.99
sbrooks@yahoo.com,2024-09-15 12:00:42,Coastal Breeze Candle,2,29.99
sbrooks@yahoo.com,2024-09-15 12:00:42,Zen Garden Cushion,3,39.99
asilva@hotmail.com,2024-02-10 18:14:49,Bohemian Hanging Lamp,1,119.99
eramirez@yahoo.com,2024-03-20 17:40:04,Moroccan Pattern Rug,1,199.99
eramirez@yahoo.com,2024-03-20 17:40:04,Coastal Lantern Set,2,69.99
eramirez@yahoo.com,2024-03-20 17:40:04,Urban Skyline Canvas,1,159.99
eramirez@yahoo.com,2024-03-20 17:40:04,Coastal Stripe Pillows,1,54.99
gconti@hotmail.com,2024-07-24 03:45:00,Bohemian Colorful Rug,1,169.99
gconti@hotmail.com,2024-07-24 03:45:00,Vintage Persian Rug,1,249.99
vpetrov@gmail.com,2024-12-18 13:23:58,Floating Glass Frame,2,49.99
vpetrov@gmail.com,2024-12-18 13:23:58,Art Deco Frame,3,69.99
vpetrov@gmail.com,2024-12-18 13:23:58,Mountain Landscape Print,3,79.99
vpetrov@gmail.com,2024-12-18 13:23:58,Coastal Striped Rug,2,89.99
vpetrov@gmail.com,2024-12-18 13:23:58,Metal Photo Frame,3,34.99
aandersson@outlook.com,2024-11-04 15:14:17,Vintage Photo Frames Set,3,89.99
aandersson@outlook.com,2024-11-04 15:14:17,Minimalist Wall Clock,2,49.99
aandersson@outlook.com,2024-11-04 15:14:17,Nordic Pendant Light,2,109.99
aandersson@outlook.com,2024-11-04 15:14:17,Modern Abstract Rug,3,179.99
gromano@gmail.com,2024-10-25 06:33:01,Bamboo Floor Lamp,1,129.99
gromano@gmail.com,2024-10-25 06:33:01,Vintage Persian Rug,3,249.99
gromano@gmail.com,2024-10-25 06:33:01,Bohemian Glass Candleholder,1,49.99
ecooper@yahoo.com,2024-08-10 02:54:31,Wooden Picture Frame,3,45.99
ehill@gmail.com,2024-07-20 13:09:56,Nordic Geometric Rug,2,159.99
ehill@gmail.com,2024-07-20 13:09:56,Rustic Animal Figure,2,59.99
ehill@gmail.com,2024-07-20 13:09:56,Woven Storage Basket,3,49.99
ehill@gmail.com,2024-07-20 13:09:56,Modern LED Mirror,3,199.99
mgarcia@yahoo.com,2024-03-30 18:28:22,Moroccan Floor Pouf,3,89.99
hsanders@gmail.com,2024-05-01 07:40:40,Coastal Breeze Candle,3,29.99
njames@yahoo.com,2024-05-29 17:18:55,Bamboo Floor Lamp,3,129.99
njames@yahoo.com,2024-05-29 17:18:55,Coastal Striped Rug,3,89.99
njames@yahoo.com,2024-05-29 17:18:55,Modern Abstract Rug,2,179.99
njames@yahoo.com,2024-05-29 17:18:55,Ceramic Table Vase,3,59.99
jlee@outlook.com,2024-02-13 01:21:37,Rustic Wood Lamp,1,94.99
jlee@outlook.com,2024-02-13 01:21:37,Wooden Picture Frame,2,45.99
jlee@outlook.com,2024-02-13 01:21:37,Art Deco Frame,2,69.99
jlee@outlook.com,2024-02-13 01:21:37,Coastal Lantern Set,2,69.99
jlee@outlook.com,2024-02-13 01:21:37,Geometric Wall Art,1,119.99
nreed@gmail.com,2024-06-18 13:21:56,Rustic Wooden Candle Holder,3,34.99
malsayed@yahoo.com,2024-02-15 13:43:51,Crystal Flower Vase,3,89.99
ecarter@outlook.com,2024-06-15 07:54:15,Velvet Accent Pillow,2,29.99
emmawilson456@yahoo.com,2024-02-16 07:26:45,Crystal Flower Vase,3,89.99
emmawilson456@yahoo.com,2024-02-16 07:26:45,Luxury Velvet Pillow Set,3,129.99
emmawilson456@yahoo.com,2024-02-16 07:26:45,Coastal Blue Vase,1,49.99
emmawilson456@yahoo.com,2024-02-16 07:26:45,Decorative Throw Pillow,1,39.99
jmitchell@gmail.com,2024-09-07 11:41:08,Vintage Edison Lamp,2,89.99
slopez@gmail.com,2024-04-26 22:36:44,Nordic Storage Bench,1,159.99
hmartinez@gmail.com,2024-09-16 10:52:35,Bamboo Frame Set,1,79.99
hmartinez@gmail.com,2024-09-16 10:52:35,Bamboo Frame Mirror,1,79.99
hmartinez@gmail.com,2024-09-16 10:52:35,Ceramic Table Vase,3,59.99
hmartinez@gmail.com,2024-09-16 10:52:35,Rustic Wooden Candle Holder,3,34.99
jkovac@hotmail.com,2024-06-16 01:49:01,Coastal Striped Rug,2,89.99
jkovac@hotmail.com,2024-06-16 01:49:01,Nordic Pendant Light,1,109.99
enilsson@outlook.com,2024-11-18 06:29:21,Decorative Throw Pillow,3,39.99
enilsson@outlook.com,2024-11-18 06:29:21,Bamboo Frame Mirror,3,79.99
enilsson@outlook.com,2024-11-18 06:29:21,Natural Jute Rug,3,129.99
enilsson@outlook.com,2024-11-18 06:29:21,Coastal Striped Rug,1,89.99
enilsson@outlook.com,2024-11-18 06:29:21,Coastal Rope Frame,2,39.99
enilsson@outlook.com,2024-08-18 02:30:19,Art Deco Glass Vase,2,99.99
enilsson@outlook.com,2024-08-18 02:30:19,Coastal Shell Mirror,2,99.99
enilsson@outlook.com,2024-08-18 02:30:19,Coastal Blue Vase,3,49.99
enilsson@outlook.com,2024-08-18 02:30:19,Bamboo Frame Mirror,1,79.99
ladams@gmail.com,2024-06-18 18:45:39,Floating Glass Frame,2,49.99
ladams@gmail.com,2024-06-18 18:45:39,Moroccan Arch Mirror,1,149.99
kmueller@outlook.com,2024-01-31 08:05:20,Nordic Pattern Cushion,1,44.99
jmitchell@gmail.com,2024-06-07 23:42:16,Decorative Throw Pillow,1,39.99
jmitchell@gmail.com,2024-06-07 23:42:16,Abstract Metal Sculpture,1,119.99
jmitchell@gmail.com,2024-06-07 23:42:16,Vintage Oval Mirror,1,119.99
jmitchell@gmail.com,2024-06-07 23:42:16,Ceramic Table Lamp,1,79.99
jmitchell@gmail.com,2024-06-07 23:42:16,Mountain Landscape Print,2,79.99
lmoreau@gmail.com,2024-09-23 14:35:08,Rustic Animal Figure,3,59.99
lmoreau@gmail.com,2024-09-23 14:35:08,Art Deco Glass Vase,3,99.99
lmoreau@gmail.com,2024-09-23 14:35:08,Woven Storage Basket,3,49.99
lmoreau@gmail.com,2024-09-23 14:35:08,Ceramic Table Lamp,1,79.99
lmoreau@gmail.com,2024-09-23 14:35:08,Bamboo Frame Set,2,79.99
loconnor@gmail.com,2024-10-15 10:11:09,Bamboo Frame Mirror,2,79.99
loconnor@gmail.com,2024-10-15 10:11:09,Nordic Wood Sculpture,3,79.99
loconnor@gmail.com,2024-10-15 10:11:09,Bohemian Floor Cushion,3,69.99
loconnor@gmail.com,2024-10-15 10:11:09,Rustic Pottery Vase,3,54.99
mpeterson@outlook.com,2024-07-05 22:40:49,Mountain Landscape Print,1,79.99
mpeterson@outlook.com,2024-07-05 22:40:49,Decorative Throw Pillow,2,39.99
mpeterson@outlook.com,2024-07-05 22:40:49,Meditation Candle Set,1,59.99
lmoreau@gmail.com,2024-10-31 10:00:34,Crystal Flower Vase,3,89.99
lmoreau@gmail.com,2024-10-31 10:00:34,Crystal Glass Sculpture,3,199.99
ecooper@outlook.com,2024-08-09 13:20:35,Bamboo Frame Set,2,79.99
vpetrov@gmail.com,2024-09-06 15:02:31,Bamboo Floor Lamp,1,129.99
vpetrov@gmail.com,2024-09-06 15:02:31,Zen Garden Buddha,1,89.99
charlottharris@gmail.com,2024-02-09 00:51:34,Bohemian Glass Candleholder,3,49.99
charlottharris@gmail.com,2024-02-09 00:51:34,Bamboo Floor Lamp,1,129.99
ladams@gmail.com,2024-11-02 19:02:56,Mountain Landscape Print,3,79.99
ladams@gmail.com,2024-11-02 19:02:56,Coastal Stripe Pillows,1,54.99
ladams@gmail.com,2024-11-02 19:02:56,Crystal Flower Vase,3,89.99
ladams@gmail.com,2024-11-02 19:02:56,Bamboo Organizer,3,39.99
charlottharris@gmail.com,2024-06-01 16:22:47,Decorative Throw Pillow,1,39.99
charlottharris@gmail.com,2024-06-01 16:22:47,Vintage Oval Mirror,1,119.99
charlottharris@gmail.com,2024-06-01 16:22:47,Rustic Farmhouse Rug,1,149.99
ethompson@gmail.com,2024-04-16 11:32:05,Abstract Metal Wall Panel,2,199.99
ethompson@gmail.com,2024-04-16 11:32:05,Minimalist Wall Clock,3,49.99
epopov@gmail.com,2024-01-23 08:47:06,Moroccan Storage Pouf,3,119.99
epopov@gmail.com,2024-01-23 08:47:06,Coastal Blue Vase,3,49.99
epopov@gmail.com,2024-01-23 08:47:06,Nordic Wood Sculpture,3,79.99
epopov@gmail.com,2024-01-23 08:47:06,Floating Glass Frame,2,49.99
epopov@gmail.com,2024-01-23 08:47:06,Urban Skyline Canvas,3,159.99
cgray@yahoo.com,2024-01-25 12:21:43,Nordic Wood Sculpture,3,79.99
cgray@yahoo.com,2024-01-25 12:21:43,Ceramic Table Vase,3,59.99
cgray@yahoo.com,2024-01-25 12:21:43,Zen Garden Cushion,1,39.99
landersen@outlook.com,2024-09-13 16:41:56,Abstract Metal Sculpture,2,119.99
landersen@outlook.com,2024-09-13 16:41:56,Moroccan Pattern Rug,3,199.99
landersen@outlook.com,2024-09-13 16:41:56,Ceramic Table Vase,1,59.99
sarahdavis234@hotmail.com,2024-11-18 00:19:12,Moroccan Floor Pouf,1,89.99
sarahdavis234@hotmail.com,2024-11-18 00:19:12,Coastal Breeze Candle,2,29.99
sarahdavis234@hotmail.com,2024-11-18 00:19:12,Moroccan Pattern Rug,1,199.99
sarahdavis234@hotmail.com,2024-11-18 00:19:12,Nordic Round Mirror,3,89.99
isilva@outlook.com,2024-01-27 21:59:19,Coastal Driftwood Art,3,69.99
isilva@outlook.com,2024-01-27 21:59:19,Nordic Pendant Light,1,109.99
isilva@outlook.com,2024-01-27 21:59:19,Wooden Picture Frame,3,45.99
isilva@outlook.com,2024-01-27 21:59:19,Art Deco Frame,2,69.99
isilva@outlook.com,2024-06-30 05:12:52,Japanese Garden Print,1,69.99
isilva@outlook.com,2024-06-30 05:12:52,Nordic Round Mirror,3,89.99
isilva@outlook.com,2024-06-30 05:12:52,Coastal Striped Rug,2,89.99
erogers@yahoo.com,2024-06-25 16:09:28,Coastal Rope Baskets,2,54.99
lisaj@gmail.com,2024-12-14 03:01:03,Decorative Throw Pillow,2,39.99
lisaj@gmail.com,2024-12-14 03:01:03,Lavender Jar Candle,3,19.99
lisaj@gmail.com,2024-12-14 03:01:03,Urban Skyline Canvas,3,159.99
lisaj@gmail.com,2024-12-14 03:01:03,Bamboo Frame Mirror,2,79.99
erogers@yahoo.com,2024-07-19 12:26:45,Minimalist Steel Frame,1,29.99
erogers@yahoo.com,2024-07-19 12:26:45,Minimalist Wall Clock,3,49.99
erogers@yahoo.com,2024-07-19 12:26:45,Bohemian Floor Cushion,1,69.99
erogers@yahoo.com,2024-07-19 12:26:45,Nordic Storage Bench,2,159.99
erogers@yahoo.com,2024-07-19 12:26:45,Rustic Wood Lamp,2,94.99
ostewart@yahoo.com,2024-04-18 20:15:48,Lavender Jar Candle,3,19.99
ostewart@yahoo.com,2024-04-18 20:15:48,Nordic Storage Bench,1,159.99
ostewart@yahoo.com,2024-04-18 20:15:48,Moroccan Storage Pouf,3,119.99
ostewart@yahoo.com,2024-04-18 20:15:48,Aromatherapy Candle Set,1,44.99
ehill@gmail.com,2024-01-05 13:44:32,Vintage Brass Candlesticks,1,79.99
ehill@gmail.com,2024-01-05 13:44:32,Minimalist Wall Clock,2,49.99
ehill@gmail.com,2024-01-05 13:44:32,Vintage Edison Lamp,2,89.99
ehill@gmail.com,2024-01-05 13:44:32,Metal Photo Frame,2,34.99
ehill@gmail.com,2024-01-05 13:44:32,Nordic Pattern Cushion,3,44.99
ehill@gmail.com,2024-09-05 07:34:00,Abstract Metal Sculpture,3,119.99
ehill@gmail.com,2024-09-05 07:34:00,Mountain Landscape Print,1,79.99
rbailey@outlook.com,2024-10-18 14:21:56,Coastal Lantern Set,2,69.99
rbailey@outlook.com,2024-10-18 14:21:56,Minimalist Steel Frame,2,29.99
rbailey@outlook.com,2024-10-18 14:21:56,Metal Photo Frame,1,34.99
rbailey@outlook.com,2024-10-18 14:21:56,Sunburst Wall Mirror,1,159.99
rbailey@outlook.com,2024-10-18 14:21:56,Meditation Candle Set,1,59.99
elaurent@yahoo.fr,2024-12-23 00:39:33,Wooden Picture Frame,1,45.99
elaurent@yahoo.fr,2024-12-23 00:39:33,Coastal Rope Baskets,3,54.99
